metric,precision,recall,f1-score,support
0,0.8904847396768402,0.8794326241134752,0.8849241748438894,564.0
1,0.40869565217391307,0.4351851851851852,0.42152466367713004,108.0
accuracy,0.8080357142857143,0.8080357142857143,0.8080357142857143,0.8080357142857143
macro avg,0.6495901959253766,0.6573089046493302,0.6532244192605097,672.0
weighted avg,0.8130543506138698,0.8080357142857143,0.8104492534063745,672.0
