precision,recall,f1-score,support
0.896797153024911,0.8936170212765957,0.8952042628774423,564.0
0.45454545454545453,0.46296296296296297,0.4587155963302752,108.0
0.8244047619047619,0.8244047619047619,0.8244047619047619,0.8244047619047619
0.6756713037851828,0.6782899921197794,0.6769599296038588,672.0
0.8257209871978556,0.8244047619047619,0.8250542986109333,672.0
